{"cameraMode":{"drawMode":0,"name":"Shaded","section":"Shading Mode"},"sceneLighting":false,"audioPlay":false,"sceneViewState":{"showFog":true,"showMaterialUpdate":false,"showSkybox":false,"showFlares":true,"showImageEffects":true,"showParticleSystems":true,"showVisualEffectGraphs":true,"m_FxEnabled":true},"in2DMode":false,"pivot":{"x":149.30184936523438,"y":162.96444702148438,"z":78.19017791748047},"rotation":{"x":0.13351400196552277,"y":-0.1059148982167244,"z":-0.014368569478392601,"w":-0.9852778315544128},"size":2.1073949337005617,"orthographic":false}